ID,MODEL,EXPERIMENT_START_DATE,EXPERIMENT_END_DATE,MODEL_WORK_TIME,SAVE_DATA_TO_SNOWFLAKE_TIME,EXPERIMENT_TIME_TOTAL,ROWS_PROCESSED,INPUT_DF_VOLUME,PROMPT_VOLUME,OUTPUT_VOLUME,LOADED_SCENARIO,STATUS_RESULT,ERROR_ENCOUNTERED,ERROR_TYPE,ERROR_MESSAGE
1,gpt-3.5-turbo,2024-September-02 09:34:16,2024-September-02 09:34:19,0.4729652405,1.284685135,1.757651567,100,1032,1596,27,PROJECT RAPID DECLINE,PROJECT_IS_IN_RAPID_DECLINE,false,None,
2,gpt-3.5-turbo,2024-September-02 09:34:24,2024-September-02 09:34:27,0.5253517628,1.443986177,1.969339371,100,1032,1596,33,PROJECT RAPID DECLINE,PROJECT_IS_AT_MAXIMUM_PERFORMANCE,false,None,
3,gpt-3.5-turbo,2024-September-02 09:34:31,2024-September-02 09:34:34,0.515206337,1.255545139,1.770752668,100,1032,1596,33,PROJECT RAPID DECLINE,PROJECT_IS_AT_MAXIMUM_PERFORMANCE,false,None,
4,gpt-3.5-turbo,2024-September-02 09:34:39,2024-September-02 09:34:41,0.4696545601,1.108487844,1.578143835,100,1032,1596,33,PROJECT RAPID DECLINE,PROJECT_IS_AT_MAXIMUM_PERFORMANCE,false,None,
5,gpt-3.5-turbo,2024-September-02 09:34:47,2024-September-02 09:35:10,20.616847754,1.152620316,21.769469261,100,1032,1596,34,PROJECT RAPID DECLINE,PROJECT_IS_AT_MAXIMUM_PERFORMANCE.,false,None,
6,gpt-3.5-turbo,2024-September-02 09:35:15,2024-September-02 09:35:38,21.478680372,1.245340824,22.724023104,100,1032,1596,33,PROJECT RAPID DECLINE,PROJECT_IS_AT_MAXIMUM_PERFORMANCE,false,None,
7,gpt-3.5-turbo,2024-September-02 09:35:43,2024-September-02 09:35:46,0.4741678238,1.006626129,1.480795622,100,1032,1596,33,PROJECT RAPID DECLINE,PROJECT_IS_AT_MAXIMUM_PERFORMANCE,false,None,
8,gpt-3.5-turbo,2024-September-02 09:35:52,2024-September-02 09:36:16,21.283159494,1.16537571,22.448536634,100,1032,1596,20,PROJECT RAPID DECLINE,PROJECT_IS_IMPROVING,false,None,
9,gpt-3.5-turbo,2024-September-02 09:36:22,2024-September-02 09:36:24,0.4462959766,1.175810814,1.622108221,100,1032,1596,10,PROJECT RAPID DECLINE,STAGNATION,false,None,
10,gpt-3.5-turbo,2024-September-02 09:36:34,2024-September-02 09:36:57,20.650924444,1.083394766,21.734319925,100,1032,1596,27,PROJECT RAPID DECLINE,PROJECT_IS_IN_RAPID_DECLINE,false,None,
11,gpt-4,2024-September-02 09:37:50,2024-September-02 09:37:56,4.015166044,1.300076962,5.315244436,100,1032,1596,321,PROJECT RAPID DECLINE,"Based on the provided summary data of the Hyperloop project, it shows a consistent increase in mean values across time (from min to max) for most of the categories. This indicates that the project is showing signs of improvement and progress over time. Hence, the one word status for this project is PROJECT_IS_IMPROVING.",false,None,
12,gpt-4,2024-September-02 09:38:02,2024-September-02 09:38:05,0.8031518459,1.126260281,1.929413557,100,1032,1596,20,PROJECT RAPID DECLINE,PROJECT_IS_IMPROVING,false,None,
13,gpt-4,2024-September-02 09:38:10,2024-September-02 09:38:13,0.9024682045,1.225199699,2.127669096,100,1032,1596,20,PROJECT RAPID DECLINE,PROJECT_IS_IMPROVING,false,None,
14,gpt-4,2024-September-02 09:38:18,2024-September-02 09:38:25,5.058407307,1.144489765,6.202898979,100,1032,1596,518,PROJECT RAPID DECLINE,"Based on the data provided it may be inferred that the project is in a state of improvement.
However, please consider that the precise determination of project status would typically require more context information like project goals, deadlines, resources, trend analysis of these numbers and so on. This information may change the interpretation of this data. It is crucial to have a comprehensive project overview in conjunction with this data. Therefore, you should take this analysis just as a preliminary review.",false,None,
15,gpt-4,2024-September-02 09:38:41,2024-September-02 09:38:43,0.804071188,1.11462903,1.918701649,100,1032,1596,20,PROJECT RAPID DECLINE,PROJECT_IS_IMPROVING,false,None,
16,gpt-4,2024-September-02 09:38:49,2024-September-02 09:39:12,21.238869667,1.190559864,22.429430962,100,1032,1596,20,PROJECT RAPID DECLINE,PROJECT_IS_IMPROVING,false,None,
17,gpt-4,2024-September-02 09:40:34,2024-September-02 09:40:41,5.36263752,1.112419844,6.475059509,100,1032,1596,373,PROJECT RAPID DECLINE,"Based on the provided data, the Hyperloop project is showing an improvement across its critical ratios during the time period represented. Multiple metrics (CR_ENV, CR_SAC, CR_TFE, CR_ECV, CR_USB, CR_RLB, CR_INF, CR_SCL) show an upward trend from their minimum to maximum values, which is a positive indication. Therefore, the status of the project is PROJECT_IS_IMPROVING.",false,None,
18,gpt-4,2024-September-02 09:40:51,2024-September-02 09:40:54,0.7817533016,1.214316368,1.996070862,100,1032,1596,20,PROJECT RAPID DECLINE,PROJECT_IS_IMPROVING,false,None,
19,gpt-4,2024-September-02 09:41:00,2024-September-02 09:41:02,0.7982289791,1.164801836,1.963032007,100,1032,1596,20,PROJECT RAPID DECLINE,PROJECT_IS_IMPROVING,false,None,
20,gpt-4,2024-September-02 09:41:07,2024-September-02 09:41:10,0.6895086765,1.170709848,1.860219717,100,1032,1596,20,PROJECT RAPID DECLINE,PROJECT_IS_IMPROVING,false,None,
21,mistral-small,2024-September-02 09:44:33,2024-September-02 09:44:36,0.5658893585,1.238481045,1.804371595,100,1032,1716,10,PROJECT RAPID DECLINE,Stagnation,false,None,
22,mistral-small,2024-September-02 09:58:07,2024-September-02 09:58:10,0.5512909889,1.433730841,1.985023499,100,1032,1716,10,PROJECT RAPID DECLINE,STAGNATION,false,None,
23,mistral-small,2024-September-02 09:58:35,2024-September-02 09:58:38,0.4711346626,1.278003931,1.749150515,100,1032,1716,10,PROJECT RAPID DECLINE,Stagnation,false,None,
24,mistral-small,2024-September-02 09:58:42,2024-September-02 09:58:44,0.4293341637,1.354228258,1.783563852,100,1032,1716,10,PROJECT RAPID DECLINE,Stagnation,false,None,
25,mistral-small,2024-September-02 09:58:48,2024-September-02 09:58:50,0.5829644203,1.14504385,1.728009939,100,1032,1716,10,PROJECT RAPID DECLINE,STAGNATION,false,None,
26,mistral-small,2024-September-02 10:01:27,2024-September-02 10:01:29,0.4870550632,1.233953476,1.721010208,100,1032,1716,22,PROJECT RAPID DECLINE,PROJECT\_IS\_IMPROVING,false,None,
27,mistral-small,2024-September-02 10:01:33,2024-September-02 10:01:36,0.5232675076,1.440130949,1.963399649,100,1032,1716,10,PROJECT RAPID DECLINE,STAGNATION,false,None,
28,mistral-small,2024-September-02 10:02:22,2024-September-02 10:02:25,0.4122545719,1.161121368,1.573377371,100,1032,1716,10,PROJECT RAPID DECLINE,Stagnation,false,None,
29,mistral-small,2024-September-02 10:02:28,2024-September-02 10:02:31,0.4583528042,1.122577667,1.580931664,100,1032,1716,10,PROJECT RAPID DECLINE,Stagnation,false,None,
30,mistral-small,2024-September-02 10:02:35,2024-September-02 10:02:38,0.3717498779,1.148017406,1.519768238,100,1032,1716,10,PROJECT RAPID DECLINE,Stagnation,false,None,
31,gemini-1.5-flash,2024-September-02 10:03:58,2024-September-02 10:04:01,0.6055655479,1.180768013,1.786334753,100,1032,1354,29,PROJECT RAPID DECLINE,PROJECT_IS_IN_RAPID_DECLINE ,false,None,
32,gemini-1.5-flash,2024-September-02 10:04:04,2024-September-02 10:04:07,0.5837450027,1.0783813,1.662127733,100,1032,1354,29,PROJECT RAPID DECLINE,PROJECT_IS_IN_RAPID_DECLINE ,false,None,
33,gemini-1.5-flash,2024-September-02 10:04:11,2024-September-02 10:04:13,0.5516104698,1.103509426,1.655121565,100,1032,1354,29,PROJECT RAPID DECLINE,PROJECT_IS_IN_RAPID_DECLINE ,false,None,
34,gemini-1.5-flash,2024-September-02 10:04:17,2024-September-02 10:04:19,0.5421934128,1.200629711,1.742824554,100,1032,1354,29,PROJECT RAPID DECLINE,PROJECT_IS_IN_RAPID_DECLINE ,false,None,
35,gemini-1.5-flash,2024-September-02 10:04:23,2024-September-02 10:04:25,0.6058092117,1.139605999,1.745417595,100,1032,1354,33,PROJECT RAPID DECLINE,**PROJECT_IS_IN_RAPID_DECLINE** ,false,None,
36,gemini-1.5-flash,2024-September-02 10:04:29,2024-September-02 10:04:31,0.5272250175,1.129602432,1.656829119,100,1032,1354,29,PROJECT RAPID DECLINE,PROJECT_IS_IN_RAPID_DECLINE ,false,None,
37,gemini-1.5-flash,2024-September-02 10:04:35,2024-September-02 10:04:39,2.528594494,1.189166069,3.717761755,100,1032,1354,29,PROJECT RAPID DECLINE,PROJECT_IS_IN_RAPID_DECLINE ,false,None,
38,gemini-1.5-flash,2024-September-02 10:04:43,2024-September-02 10:04:46,0.5198140144,1.07674551,1.596561193,100,1032,1354,29,PROJECT RAPID DECLINE,PROJECT_IS_IN_RAPID_DECLINE ,false,None,
39,gemini-1.5-flash,2024-September-02 10:04:49,2024-September-02 10:04:51,0.5530281067,1.041113615,1.594143867,100,1032,1354,29,PROJECT RAPID DECLINE,PROJECT_IS_IN_RAPID_DECLINE ,false,None,
40,gemini-1.5-flash,2024-September-02 10:04:55,2024-September-02 10:04:58,0.5024905205,1.152515411,1.655008078,100,1032,1354,29,PROJECT RAPID DECLINE,PROJECT_IS_IN_RAPID_DECLINE ,false,None,
41,gpt-3.5-turbo,2024-September-02 10:08:01,2024-September-02 10:08:04,0.4991629124,1.153265715,1.652431011,100,936,1416,33,PROJECT DECLINE OVER TIME,PROJECT_IS_AT_MAXIMUM_PERFORMANCE,false,None,
42,gpt-3.5-turbo,2024-September-02 10:08:07,2024-September-02 10:08:10,0.5072338581,1.273700953,1.78093648,100,936,1416,33,PROJECT DECLINE OVER TIME,PROJECT_IS_AT_MAXIMUM_PERFORMANCE,false,None,
43,gpt-3.5-turbo,2024-September-02 10:08:13,2024-September-02 10:08:16,0.510330677,1.284167528,1.794500351,100,936,1416,33,PROJECT DECLINE OVER TIME,PROJECT_IS_AT_MAXIMUM_PERFORMANCE,false,None,
44,gpt-3.5-turbo,2024-September-02 10:08:20,2024-September-02 10:08:43,20.645697355,1.158401728,21.804100275,100,936,1416,33,PROJECT DECLINE OVER TIME,PROJECT_IS_AT_MAXIMUM_PERFORMANCE,false,None,
45,gpt-3.5-turbo,2024-September-02 10:08:46,2024-September-02 10:08:49,0.4808838367,1.123329163,1.604214668,100,936,1416,33,PROJECT DECLINE OVER TIME,PROJECT_IS_AT_MAXIMUM_PERFORMANCE,false,None,
46,gpt-3.5-turbo,2024-September-02 10:08:52,2024-September-02 10:09:15,20.616996288,1.206645012,21.823656321,100,936,1416,21,PROJECT DECLINE OVER TIME,PROJECT_IS_IN_DECLINE,false,None,
47,gpt-3.5-turbo,2024-September-02 10:09:19,2024-September-02 10:09:41,20.610249519,1.090929747,21.701180458,100,936,1416,33,PROJECT DECLINE OVER TIME,PROJECT_IS_AT_MAXIMUM_PERFORMANCE,false,None,
48,gpt-3.5-turbo,2024-September-02 10:09:45,2024-September-02 10:09:48,0.5018861294,1.082718611,1.584606409,100,936,1416,21,PROJECT DECLINE OVER TIME,PROJECT_IS_IN_DECLINE,false,None,
49,gpt-3.5-turbo,2024-September-02 10:09:51,2024-September-02 10:10:14,20.626335144,1.187416315,21.81375289,100,936,1416,33,PROJECT DECLINE OVER TIME,PROJECT_IS_AT_MAXIMUM_PERFORMANCE,false,None,
50,gpt-3.5-turbo,2024-September-02 10:10:18,2024-September-02 10:10:41,20.675506115,1.209480286,21.884987831,100,936,1416,33,PROJECT DECLINE OVER TIME,PROJECT_IS_AT_MAXIMUM_PERFORMANCE,false,None,
51,gpt-4,2024-September-02 10:11:35,2024-September-02 10:11:38,0.9008305073,1.200907707,2.101739168,100,936,1416,20,PROJECT DECLINE OVER TIME,PROJECT_IS_IMPROVING,false,None,
52,gpt-4,2024-September-02 10:11:42,2024-September-02 10:11:44,0.8846681118,1.096662521,1.981332779,100,936,1416,20,PROJECT DECLINE OVER TIME,PROJECT_IS_IMPROVING,false,None,
53,gpt-4,2024-September-02 10:11:48,2024-September-02 10:11:51,0.6779611111,1.090243578,1.768206596,100,936,1416,20,PROJECT DECLINE OVER TIME,PROJECT_IS_IMPROVING,false,None,
54,gpt-4,2024-September-02 10:11:54,2024-September-02 10:12:17,20.851946115,1.166938543,22.018885374,100,936,1416,20,PROJECT DECLINE OVER TIME,PROJECT_IS_IMPROVING,false,None,
55,gpt-4,2024-September-02 10:12:21,2024-September-02 10:12:24,1.033612728,1.040807009,2.074421406,100,936,1416,20,PROJECT DECLINE OVER TIME,PROJECT_IS_IMPROVING,false,None,
56,gpt-4,2024-September-02 10:12:27,2024-September-02 10:12:50,20.891009331,1.201463938,22.092474699,100,936,1416,20,PROJECT DECLINE OVER TIME,PROJECT_IS_IMPROVING,false,None,
57,gpt-4,2024-September-02 10:12:54,2024-September-02 10:13:17,20.910915613,1.113899946,22.024817228,100,936,1416,20,PROJECT DECLINE OVER TIME,PROJECT_IS_IMPROVING,false,None,
58,gpt-4,2024-September-02 10:13:21,2024-September-02 10:13:24,0.7933247089,1.283614159,2.07694006,100,936,1416,20,PROJECT DECLINE OVER TIME,PROJECT_IS_IMPROVING,false,None,
59,gpt-4,2024-September-02 10:13:28,2024-September-02 10:13:50,20.888142586,1.107381582,21.995525599,100,936,1416,20,PROJECT DECLINE OVER TIME,PROJECT_IS_IMPROVING,false,None,
60,gpt-4,2024-September-02 10:13:54,2024-September-02 10:14:17,20.818332434,1.382826328,22.201160192,100,936,1416,20,PROJECT DECLINE OVER TIME,PROJECT_IS_IMPROVING,false,None,
61,mistral-small,2024-September-02 10:16:33,2024-September-02 10:16:35,0.5234651566,1.216735601,1.74020195,100,936,1536,22,PROJECT DECLINE OVER TIME,PROJECT\_IS\_IMPROVING,false,None,
62,mistral-small,2024-September-02 10:16:39,2024-September-02 10:16:42,0.602742672,1.133593082,1.736336946,100,936,1536,22,PROJECT DECLINE OVER TIME,PROJECT\_IS\_IMPROVING,false,None,
63,mistral-small,2024-September-02 10:16:45,2024-September-02 10:16:48,0.5911643505,1.044229031,1.635394335,100,936,1536,22,PROJECT DECLINE OVER TIME,PROJECT\_IS\_IMPROVING,false,None,
64,mistral-small,2024-September-02 10:17:18,2024-September-02 10:17:21,0.6506745815,1.113117933,1.763793945,100,936,1536,22,PROJECT DECLINE OVER TIME,PROJECT\_IS\_IMPROVING,false,None,
65,mistral-small,2024-September-02 10:17:31,2024-September-02 10:17:33,0.4612505436,1.177676439,1.638928413,100,936,1536,22,PROJECT DECLINE OVER TIME,PROJECT\_IS\_IMPROVING,false,None,
66,mistral-small,2024-September-02 10:17:39,2024-September-02 10:17:42,0.5146615505,1.094096899,1.60875988,100,936,1536,22,PROJECT DECLINE OVER TIME,PROJECT\_IS\_IMPROVING,false,None,
67,mistral-small,2024-September-02 10:18:07,2024-September-02 10:18:10,0.5025949478,1.202482224,1.70507884,100,936,1536,22,PROJECT DECLINE OVER TIME,PROJECT\_IS\_IMPROVING,false,None,
68,mistral-small,2024-September-02 10:18:18,2024-September-02 10:18:20,0.6716618538,1.069689274,1.741353035,100,936,1536,22,PROJECT DECLINE OVER TIME,PROJECT\_IS\_IMPROVING,false,None,
69,mistral-small,2024-September-02 10:18:24,2024-September-02 10:18:27,0.5233142376,1.169044495,1.692359924,100,936,1536,22,PROJECT DECLINE OVER TIME,PROJECT\_IS\_IMPROVING,false,None,
70,mistral-small,2024-September-02 10:18:30,2024-September-02 10:18:33,0.4744110107,1.128471136,1.602883339,100,936,1536,22,PROJECT DECLINE OVER TIME,PROJECT\_IS\_IMPROVING,false,None,
71,gemini-1.5-flash,2024-September-02 10:19:01,2024-September-02 10:19:04,0.5323507786,1.122336864,1.654690266,100,936,1258,39,PROJECT DECLINE OVER TIME,**PROJECT_SHOWS_NEGATIVE_TENDENCIES** ,false,None,
72,gemini-1.5-flash,2024-September-02 10:19:08,2024-September-02 10:19:10,0.5397069454,1.09671998,1.636428356,100,936,1258,39,PROJECT DECLINE OVER TIME,**PROJECT_SHOWS_NEGATIVE_TENDENCIES** ,false,None,
73,gemini-1.5-flash,2024-September-02 10:19:14,2024-September-02 10:19:16,0.478864193,1.025748968,1.504615545,100,936,1258,39,PROJECT DECLINE OVER TIME,**PROJECT_SHOWS_NEGATIVE_TENDENCIES** ,false,None,
74,gemini-1.5-flash,2024-September-02 10:19:20,2024-September-02 10:19:22,0.5560629368,1.190525293,1.746589422,100,936,1258,39,PROJECT DECLINE OVER TIME,**PROJECT_SHOWS_NEGATIVE_TENDENCIES** ,false,None,
75,gemini-1.5-flash,2024-September-02 10:19:26,2024-September-02 10:19:28,0.5019717216,1.157978296,1.659960747,100,936,1258,39,PROJECT DECLINE OVER TIME,**PROJECT_SHOWS_NEGATIVE_TENDENCIES** ,false,None,
76,gemini-1.5-flash,2024-September-02 10:19:32,2024-September-02 10:19:35,0.5737757683,1.132049084,1.705826521,100,936,1258,39,PROJECT DECLINE OVER TIME,**PROJECT_SHOWS_NEGATIVE_TENDENCIES** ,false,None,
77,gemini-1.5-flash,2024-September-02 10:19:38,2024-September-02 10:19:41,0.5755517483,1.01836133,1.59391427,100,936,1258,39,PROJECT DECLINE OVER TIME,**PROJECT_SHOWS_NEGATIVE_TENDENCIES** ,false,None,
78,gemini-1.5-flash,2024-September-02 10:19:44,2024-September-02 10:19:47,0.5554544926,1.153900146,1.709356785,100,936,1258,39,PROJECT DECLINE OVER TIME,**PROJECT_SHOWS_NEGATIVE_TENDENCIES** ,false,None,
79,gemini-1.5-flash,2024-September-02 10:19:50,2024-September-02 10:19:53,0.5573704243,1.09904027,1.656412125,100,936,1258,39,PROJECT DECLINE OVER TIME,**PROJECT_SHOWS_NEGATIVE_TENDENCIES** ,false,None,
80,gemini-1.5-flash,2024-September-02 10:19:56,2024-September-02 10:19:59,0.5430989265,1.127005816,1.670106649,100,936,1258,39,PROJECT DECLINE OVER TIME,**PROJECT_SHOWS_NEGATIVE_TENDENCIES** ,false,None,
81,gpt-3.5-turbo,2024-September-02 10:23:14,2024-September-02 10:23:17,0.507219553,1.11450839,1.621729374,100,936,1416,33,PROJECT SUSTAINABLE GROWTH,PROJECT_IS_AT_MAXIMUM_PERFORMANCE,false,None,
82,gpt-3.5-turbo,2024-September-02 10:23:20,2024-September-02 10:23:23,0.535804987,1.061831474,1.597637653,100,936,1416,33,PROJECT SUSTAINABLE GROWTH,PROJECT_IS_AT_MAXIMUM_PERFORMANCE,false,None,
83,gpt-3.5-turbo,2024-September-02 10:23:27,2024-September-02 10:23:29,0.5114212036,1.265331507,1.776753902,100,936,1416,33,PROJECT SUSTAINABLE GROWTH,PROJECT_IS_AT_MAXIMUM_PERFORMANCE,false,None,
84,gpt-3.5-turbo,2024-September-02 10:23:33,2024-September-02 10:23:55,20.599942446,1.114471674,21.714415789,100,936,1416,33,PROJECT SUSTAINABLE GROWTH,PROJECT_IS_AT_MAXIMUM_PERFORMANCE,false,None,
85,gpt-3.5-turbo,2024-September-02 10:23:59,2024-September-02 10:24:02,0.5392248631,1.327980995,1.867207766,100,936,1416,27,PROJECT SUSTAINABLE GROWTH,PROJECT_IS_IN_RAPID_DECLINE,false,None,
86,gpt-3.5-turbo,2024-September-02 10:24:05,2024-September-02 10:24:28,20.69995141,1.137711287,21.837664366,100,936,1416,27,PROJECT SUSTAINABLE GROWTH,PROJECT_IS_IN_RAPID_DECLINE,false,None,
87,gpt-3.5-turbo,2024-September-02 10:24:32,2024-September-02 10:24:54,20.67194891,1.305468321,21.977419138,100,936,1416,33,PROJECT SUSTAINABLE GROWTH,PROJECT_IS_AT_MAXIMUM_PERFORMANCE,false,None,
88,gpt-3.5-turbo,2024-September-02 10:24:58,2024-September-02 10:25:01,0.4502975941,1.141036987,1.591335535,100,936,1416,33,PROJECT SUSTAINABLE GROWTH,PROJECT_IS_AT_MAXIMUM_PERFORMANCE,false,None,
89,gpt-3.5-turbo,2024-September-02 10:25:04,2024-September-02 10:25:27,20.651865482,1.208796024,21.860663176,100,936,1416,20,PROJECT SUSTAINABLE GROWTH,PROJECT_IS_IMPROVING,false,None,
90,gpt-3.5-turbo,2024-September-02 10:25:31,2024-September-02 10:25:53,20.713159561,1.192263603,21.905424833,100,936,1416,34,PROJECT SUSTAINABLE GROWTH,PROJECT_IS_AT_MAXIMUM_PERFORMANCE.,false,None,
91,gpt-4,2024-September-02 10:26:21,2024-September-02 10:26:24,0.7444736958,1.07014823,1.814623356,100,936,1416,20,PROJECT SUSTAINABLE GROWTH,PROJECT_IS_IMPROVING,false,None,
92,gpt-4,2024-September-02 10:26:28,2024-September-02 10:26:31,0.9128363132,1.16932106,2.082158804,100,936,1416,20,PROJECT SUSTAINABLE GROWTH,PROJECT_IS_IMPROVING,false,None,
93,gpt-4,2024-September-02 10:26:34,2024-September-02 10:26:37,0.8794836998,1.126019716,2.005505085,100,936,1416,20,PROJECT SUSTAINABLE GROWTH,PROJECT_IS_IMPROVING,false,None,
94,gpt-4,2024-September-02 10:26:41,2024-September-02 10:27:04,20.931376457,1.136999369,22.06837678,100,936,1416,20,PROJECT SUSTAINABLE GROWTH,PROJECT_IS_IMPROVING,false,None,
95,gpt-4,2024-September-02 10:27:08,2024-September-02 10:27:10,0.5651888847,1.147958517,1.713149309,100,936,1416,20,PROJECT SUSTAINABLE GROWTH,PROJECT_IS_IMPROVING,false,None,
96,gpt-4,2024-September-02 10:27:14,2024-September-02 10:27:37,20.911346197,1.27527523,22.186622858,100,936,1416,20,PROJECT SUSTAINABLE GROWTH,PROJECT_IS_IMPROVING,false,None,
97,gpt-4,2024-September-02 10:27:41,2024-September-02 10:28:07,24.4677701,1.039264202,25.507035494,100,936,1416,335,PROJECT SUSTAINABLE GROWTH,"Based on the provided data summary, the status of this Hyperloop project is PROJECT_IS_IMPROVING. The mean values for CR_ENV, CR_SAC, CR_TFE, and CR_SFY are greater than their respective minimum values, there is no stagnation and the maximum has not been reached yet, indicating that the project is progressing in a positive direction.",false,None,
98,gpt-4,2024-September-02 10:28:10,2024-September-02 10:28:13,0.9483747482,1.008599043,1.95697546,100,936,1416,20,PROJECT SUSTAINABLE GROWTH,PROJECT_IS_IMPROVING,false,None,
99,gpt-4,2024-September-02 10:28:17,2024-September-02 10:28:39,20.902526617,1.028615713,21.931143761,100,936,1416,20,PROJECT SUSTAINABLE GROWTH,PROJECT_IS_IMPROVING,false,None,
100,gpt-4,2024-September-02 10:28:43,2024-September-02 10:28:46,0.677942276,1.047543049,1.725486517,100,936,1416,20,PROJECT SUSTAINABLE GROWTH,PROJECT_IS_IMPROVING,false,None,
101,mistral-small,2024-September-02 10:30:45,2024-September-02 10:30:47,0.580657959,1.00325799,1.583917379,100,936,1536,22,PROJECT SUSTAINABLE GROWTH,PROJECT\_IS\_IMPROVING,false,None,
102,mistral-small,2024-September-02 10:30:51,2024-September-02 10:30:53,0.5100998878,1.099686146,1.609787703,100,936,1536,22,PROJECT SUSTAINABLE GROWTH,PROJECT\_IS\_IMPROVING,false,None,
103,mistral-small,2024-September-02 10:30:57,2024-September-02 10:31:00,0.600540638,1.065481663,1.666023493,100,936,1536,22,PROJECT SUSTAINABLE GROWTH,PROJECT\_IS\_IMPROVING,false,None,
104,mistral-small,2024-September-02 10:31:03,2024-September-02 10:31:06,0.4927508831,1.042566299,1.535318613,100,936,1536,22,PROJECT SUSTAINABLE GROWTH,PROJECT\_IS\_IMPROVING,false,None,
105,mistral-small,2024-September-02 10:31:09,2024-September-02 10:31:12,0.4914138317,1.176019192,1.667434931,100,936,1536,22,PROJECT SUSTAINABLE GROWTH,PROJECT\_IS\_IMPROVING,false,None,
106,mistral-small,2024-September-02 10:31:15,2024-September-02 10:31:17,0.4545795918,1.118209362,1.572790384,100,936,1536,22,PROJECT SUSTAINABLE GROWTH,PROJECT\_IS\_IMPROVING,false,None,
107,mistral-small,2024-September-02 10:31:21,2024-September-02 10:31:24,0.7270565033,1.064899206,1.791957378,100,936,1536,22,PROJECT SUSTAINABLE GROWTH,PROJECT\_IS\_IMPROVING,false,None,
108,mistral-small,2024-September-02 10:31:27,2024-September-02 10:31:30,0.8373436928,1.038697004,1.876042843,100,936,1536,22,PROJECT SUSTAINABLE GROWTH,PROJECT\_IS\_IMPROVING,false,None,
109,mistral-small,2024-September-02 10:31:34,2024-September-02 10:31:36,0.570032835,1.148711681,1.718745708,100,936,1536,22,PROJECT SUSTAINABLE GROWTH,PROJECT\_IS\_IMPROVING,false,None,
110,mistral-small,2024-September-02 10:32:23,2024-September-02 10:32:26,0.4752323627,1.095307112,1.570540428,100,936,1536,22,PROJECT SUSTAINABLE GROWTH,PROJECT\_IS\_IMPROVING,false,None,
111,gemini-1.5-flash,2024-September-02 10:32:52,2024-September-02 10:32:54,0.5619044304,1.196923494,1.758829355,100,936,1258,32,PROJECT SUSTAINABLE GROWTH,**PROJECT_IS_RAPIDLY_GROWING** ,false,None,
112,gemini-1.5-flash,2024-September-02 10:32:58,2024-September-02 10:33:00,0.5166966915,1.063267231,1.579965353,100,936,1258,32,PROJECT SUSTAINABLE GROWTH,**PROJECT_IS_RAPIDLY_GROWING** ,false,None,
113,gemini-1.5-flash,2024-September-02 10:33:04,2024-September-02 10:33:06,0.5855379105,1.11353755,1.699077368,100,936,1258,32,PROJECT SUSTAINABLE GROWTH,**PROJECT_IS_RAPIDLY_GROWING** ,false,None,
114,gemini-1.5-flash,2024-September-02 10:33:10,2024-September-02 10:33:13,0.6181404591,1.048539162,1.666680813,100,936,1258,32,PROJECT SUSTAINABLE GROWTH,**PROJECT_IS_RAPIDLY_GROWING** ,false,None,
115,gemini-1.5-flash,2024-September-02 10:33:16,2024-September-02 10:33:19,0.5943541527,1.21131134,1.805667877,100,936,1258,32,PROJECT SUSTAINABLE GROWTH,**PROJECT_IS_RAPIDLY_GROWING** ,false,None,
116,gemini-1.5-flash,2024-September-02 10:33:23,2024-September-02 10:33:25,0.6073551178,1.166726351,1.774083376,100,936,1258,32,PROJECT SUSTAINABLE GROWTH,**PROJECT_IS_RAPIDLY_GROWING** ,false,None,
117,gemini-1.5-flash,2024-September-02 10:33:29,2024-September-02 10:33:31,0.5285964012,1.014454842,1.543053389,100,936,1258,32,PROJECT SUSTAINABLE GROWTH,**PROJECT_IS_RAPIDLY_GROWING** ,false,None,
118,gemini-1.5-flash,2024-September-02 10:33:35,2024-September-02 10:33:37,0.6858005524,1.024549007,1.710351944,100,936,1258,32,PROJECT SUSTAINABLE GROWTH,**PROJECT_IS_RAPIDLY_GROWING** ,false,None,
119,gemini-1.5-flash,2024-September-02 10:33:41,2024-September-02 10:33:43,0.6708166599,1.138022184,1.808840036,100,936,1258,32,PROJECT SUSTAINABLE GROWTH,**PROJECT_IS_RAPIDLY_GROWING** ,false,None,
120,gemini-1.5-flash,2024-September-02 10:33:47,2024-September-02 10:33:50,0.6157367229,1.215262413,1.831001282,100,936,1258,32,PROJECT SUSTAINABLE GROWTH,**PROJECT_IS_RAPIDLY_GROWING** ,false,None,
121,gpt-3.5-turbo,2024-September-02 10:38:47,2024-September-02 10:38:49,0.4493815899,1.17092967,1.620312929,100,936,1416,21,PROJECT RAPID GROWTH,PROJECT_IS_IN_DECLINE,false,None,
122,gpt-3.5-turbo,2024-September-02 10:38:53,2024-September-02 10:38:56,0.4521720409,1.066575289,1.518748999,100,936,1416,21,PROJECT RAPID GROWTH,PROJECT_IS_IN_DECLINE,false,None,
123,gpt-3.5-turbo,2024-September-02 10:38:59,2024-September-02 10:39:02,0.5175559521,1.216225386,1.733783007,100,936,1416,33,PROJECT RAPID GROWTH,PROJECT_IS_AT_MAXIMUM_PERFORMANCE,false,None,
124,gpt-3.5-turbo,2024-September-02 10:39:06,2024-September-02 10:39:28,20.557610035,1.133037806,21.690650225,100,936,1416,33,PROJECT RAPID GROWTH,PROJECT_IS_AT_MAXIMUM_PERFORMANCE,false,None,
125,gpt-3.5-turbo,2024-September-02 10:39:33,2024-September-02 10:39:36,0.4871354103,1.21932435,1.706461191,100,936,1416,33,PROJECT RAPID GROWTH,PROJECT_IS_AT_MAXIMUM_PERFORMANCE,false,None,
126,gpt-3.5-turbo,2024-September-02 10:39:39,2024-September-02 10:40:02,20.682259798,1.161904097,21.844165564,100,936,1416,33,PROJECT RAPID GROWTH,PROJECT_IS_AT_MAXIMUM_PERFORMANCE,false,None,
127,gpt-3.5-turbo,2024-September-02 10:40:06,2024-September-02 10:40:28,20.611067533,1.093715191,21.704784393,100,936,1416,33,PROJECT RAPID GROWTH,PROJECT_IS_AT_MAXIMUM_PERFORMANCE,false,None,
128,gpt-3.5-turbo,2024-September-02 10:40:32,2024-September-02 10:40:35,0.8008236885,1.192474842,1.993299961,100,936,1416,33,PROJECT RAPID GROWTH,PROJECT_IS_AT_MAXIMUM_PERFORMANCE,false,None,
129,gpt-3.5-turbo,2024-September-02 10:40:39,2024-September-02 10:41:01,20.58789587,1.193644762,21.781541824,100,936,1416,21,PROJECT RAPID GROWTH,PROJECT_IS_IN_DECLINE,false,None,
130,gpt-3.5-turbo,2024-September-02 10:41:05,2024-September-02 10:41:27,20.57013607,1.077208281,21.647346258,100,936,1416,21,PROJECT RAPID GROWTH,PROJECT_IS_IN_DECLINE,false,None,
131,gpt-4,2024-September-02 10:41:52,2024-September-02 10:42:14,20.898225307,1.103888035,22.002114534,100,936,1416,20,PROJECT RAPID GROWTH,PROJECT_IS_IMPROVING,false,None,
132,gpt-4,2024-September-02 10:42:18,2024-September-02 10:42:21,0.9508361816,1.145259619,2.096097231,100,936,1416,20,PROJECT RAPID GROWTH,PROJECT_IS_IMPROVING,false,None,
133,gpt-4,2024-September-02 10:42:25,2024-September-02 10:42:48,20.852760077,1.096316099,21.949077845,100,936,1416,20,PROJECT RAPID GROWTH,PROJECT_IS_IMPROVING,false,None,
134,gpt-4,2024-September-02 10:42:52,2024-September-02 10:43:14,20.932164669,1.063818455,21.995984793,100,936,1416,20,PROJECT RAPID GROWTH,PROJECT_IS_IMPROVING,false,None,
135,gpt-4,2024-September-02 10:43:18,2024-September-02 10:43:21,0.747887373,1.14137888,1.889267683,100,936,1416,20,PROJECT RAPID GROWTH,PROJECT_IS_IMPROVING,false,None,
136,gpt-4,2024-September-02 10:43:25,2024-September-02 10:43:48,20.881026268,1.193328619,22.074356794,100,936,1416,20,PROJECT RAPID GROWTH,PROJECT_IS_IMPROVING,false,None,
137,gpt-4,2024-September-02 10:43:52,2024-September-02 10:44:15,20.743854761,1.587890625,22.33174634,100,936,1416,20,PROJECT RAPID GROWTH,PROJECT_IS_IMPROVING,false,None,
138,gpt-4,2024-September-02 10:44:19,2024-September-02 10:44:22,0.6609628201,1.040787935,1.701752424,100,936,1416,20,PROJECT RAPID GROWTH,PROJECT_IS_IMPROVING,false,None,
139,gpt-4,2024-September-02 10:44:25,2024-September-02 10:44:48,20.760611296,0.9310517311,21.691664696,100,936,1416,20,PROJECT RAPID GROWTH,PROJECT_IS_IMPROVING,false,None,
140,gpt-4,2024-September-02 10:44:52,2024-September-02 10:45:15,21.022731304,1.24991107,22.272644281,100,936,1416,20,PROJECT RAPID GROWTH,PROJECT_IS_IMPROVING,false,None,
141,gemini-1.5-flash,2024-September-02 10:46:15,2024-September-02 10:46:17,0.4264082909,1.094428539,1.520838499,100,936,1258,32,PROJECT RAPID GROWTH,**PROJECT_IS_RAPIDLY_GROWING** ,false,None,
142,gemini-1.5-flash,2024-September-02 10:46:21,2024-September-02 10:46:23,0.5792369843,1.040650129,1.619888783,100,936,1258,32,PROJECT RAPID GROWTH,**PROJECT_IS_RAPIDLY_GROWING** ,false,None,
143,gemini-1.5-flash,2024-September-02 10:46:27,2024-September-02 10:46:29,0.4187376499,1.11579895,1.534538031,100,936,1258,32,PROJECT RAPID GROWTH,**PROJECT_IS_RAPIDLY_GROWING** ,false,None,
144,gemini-1.5-flash,2024-September-02 10:46:33,2024-September-02 10:46:35,0.3847484589,1.023137808,1.407888174,100,936,1258,32,PROJECT RAPID GROWTH,**PROJECT_IS_RAPIDLY_GROWING** ,false,None,
145,gemini-1.5-flash,2024-September-02 10:46:39,2024-September-02 10:46:41,0.5280702114,1.103450537,1.63152194,100,936,1258,32,PROJECT RAPID GROWTH,**PROJECT_IS_RAPIDLY_GROWING** ,false,None,
146,gemini-1.5-flash,2024-September-02 10:46:45,2024-September-02 10:46:49,2.547594786,1.225701332,3.773297787,100,936,1258,32,PROJECT RAPID GROWTH,**PROJECT_IS_RAPIDLY_GROWING** ,false,None,
147,gemini-1.5-flash,2024-September-02 10:46:53,2024-September-02 10:46:56,0.5782418251,1.136041164,1.714284182,100,936,1258,32,PROJECT RAPID GROWTH,**PROJECT_IS_RAPIDLY_GROWING** ,false,None,
148,gemini-1.5-flash,2024-September-02 10:46:59,2024-September-02 10:47:02,0.5376451015,1.104340315,1.641987324,100,936,1258,32,PROJECT RAPID GROWTH,**PROJECT_IS_RAPIDLY_GROWING** ,false,None,
149,gemini-1.5-flash,2024-September-02 10:47:05,2024-September-02 10:47:08,0.3738489151,1.135081768,1.508932352,100,936,1258,32,PROJECT RAPID GROWTH,**PROJECT_IS_RAPIDLY_GROWING** ,false,None,
150,gemini-1.5-flash,2024-September-02 10:47:11,2024-September-02 10:47:14,0.6116881371,1.144066572,1.755757332,100,936,1258,32,PROJECT RAPID GROWTH,**PROJECT_IS_RAPIDLY_GROWING** ,false,None,
151,mistral-small,2024-September-02 10:48:51,2024-September-02 10:48:53,0.423320055,1.113630533,1.536952496,100,936,1536,22,PROJECT RAPID GROWTH,PROJECT\_IS\_IMPROVING,false,None,
152,mistral-small,2024-September-02 10:48:57,2024-September-02 10:48:59,0.6207208633,1.076219082,1.696941137,100,936,1536,22,PROJECT RAPID GROWTH,PROJECT\_IS\_IMPROVING,false,None,
153,mistral-small,2024-September-02 10:49:03,2024-September-02 10:49:05,0.5574367046,1.323713779,1.881152391,100,936,1536,22,PROJECT RAPID GROWTH,PROJECT\_IS\_IMPROVING,false,None,
154,mistral-small,2024-September-02 10:49:09,2024-September-02 10:49:11,0.7909014225,1.113847256,1.904751062,100,936,1536,22,PROJECT RAPID GROWTH,PROJECT\_IS\_IMPROVING,false,None,
155,mistral-small,2024-September-02 10:49:15,2024-September-02 10:49:18,0.4095592499,1.26391387,1.673474789,100,936,1536,22,PROJECT RAPID GROWTH,PROJECT\_IS\_IMPROVING,false,None,
156,mistral-small,2024-September-02 10:49:21,2024-September-02 10:49:23,0.5208671093,1.009843111,1.530712366,100,936,1536,22,PROJECT RAPID GROWTH,PROJECT\_IS\_IMPROVING,false,None,
157,mistral-small,2024-September-02 10:49:27,2024-September-02 10:49:29,0.4673082829,1.117607594,1.584917784,100,936,1536,22,PROJECT RAPID GROWTH,PROJECT\_IS\_IMPROVING,false,None,
158,mistral-small,2024-September-02 10:49:33,2024-September-02 10:49:36,0.6015431881,1.065587521,1.667132378,100,936,1536,22,PROJECT RAPID GROWTH,PROJECT\_IS\_IMPROVING,false,None,
159,mistral-small,2024-September-02 10:49:39,2024-September-02 10:49:42,0.63595438,1.078094721,1.714050293,100,936,1536,22,PROJECT RAPID GROWTH,PROJECT\_IS\_IMPROVING,false,None,
160,mistral-small,2024-September-02 10:49:46,2024-September-02 10:49:48,0.5509924889,1.080899954,1.631893873,100,936,1536,22,PROJECT RAPID GROWTH,PROJECT\_IS\_IMPROVING,false,None,
161,gpt-3.5-turbo,2024-September-02 16:30:34,2024-September-02 16:30:38,0.5402407646,1.378416777,1.918658495,100,936,1416,33,PROJECT RAPID DECLINE,PROJECT_IS_AT_MAXIMUM_PERFORMANCE,false,None,
